{
    "vitToHp": 10,
    "strToArmor": 1,
    "intToMana": 0.16666666666666666,
    "dexToDodge": 0.08333333333333333
}